J2,Eacc,neelOPs,AFOPs,Esim,sigmas,dimOPs
0.6076923076923078,-30.545977747986328,-0.003574327458256029,1.8403872912801473,-29.989901308997688,0.021871255707323352,-0.005173056565780852
