J2,Eacc,neelOPs,AFOPs,Esim,sigmas,dimOPs
0.2227848101265823,-32.514237597642314,0.001562500000000004,4.052539424860851,-32.5104923381712,0.008358060357821566,-0.000658425083709352
