J2,Eacc,neelOPs,AFOPs,Esim,sigmas,dimOPs
0.690909090909091,-31.63435040298431,-0.01711647727272727,1.946306818181817,-26.371320688144507,0.10335129000143789,0.019744749252423893
