J2,Eacc,neelOPs,AFOPs,Esim,sigmas,dimOPs
0.40506329113924056,-30.45784544128773,-0.0016175788497217066,3.186294063079775,-30.444903059529874,0.009253627871493425,-0.0013019046249326198
