J2,Eacc,neelOPs,AFOPs,Esim,sigmas,dimOPs
0.4181818181818182,-30.350711484593226,-0.044318181818181826,2.959090909090908,-29.357996857585746,0.08686068930753033,-0.015308793087864574
