J2,Eacc,neelOPs,AFOPs,Esim,sigmas,dimOPs
0.6,-30.470517551672643,0.002185760667903525,1.7857606679035236,-30.028459628446107,0.008440819793493398,0.004165898651900902
