J2,Eacc,neelOPs,AFOPs,Esim,sigmas,dimOPs
0.3746835443037975,-30.73882424316192,0.01020698051948052,3.4142045454545435,-30.731195132551054,0.007189305674053713,-0.001565761611418986
