J2,Eacc,neelOPs,AFOPs,Esim,sigmas,dimOPs
0.28354430379746837,-31.753072062683728,-0.004093228200371059,3.773121521335805,-31.747567621932205,0.008731639273922691,-0.0035977407299817065
