J2,Eacc,neelOPs,AFOPs,Esim,sigmas,dimOPs
0.6363636363636365,-30.869209641722477,-0.000136247680890538,1.756992115027828,-30.080556224250113,0.003504798694854285,0.0016172460653462947
