J2,Eacc,neelOPs,AFOPs,Esim,sigmas,dimOPs
0.20759493670886078,-32.71188167481826,0.005673121521335813,4.104974489795916,-32.709244131301276,0.008913971550031196,-0.0003623527260090027
