J2,Eacc,neelOPs,AFOPs,Esim,sigmas,dimOPs
0.2545454545454546,-32.110001310921604,0.020809659090909097,2.14744318181818,-31.133592057014766,0.10019506615037041,-0.00947810364082991
