J2,Eacc,neelOPs,AFOPs,Esim,sigmas,dimOPs
0.2455696202531646,-32.2229266482876,-0.0048875231910946206,4.033302411873838,-32.21713336915149,0.008310021373251283,-0.004019856353426316
