J2,Eacc,neelOPs,AFOPs,Esim,sigmas,dimOPs
0.30909090909090914,-31.450038061670227,-0.021732954545454555,3.6636363636363622,-31.174057741028896,0.04925265091413856,0.0016809545611907008
