J2,Eacc,neelOPs,AFOPs,Esim,sigmas,dimOPs
0.2607594936708861,-32.032470652158885,0.002121985157699443,3.977945269016695,-32.023924998570955,0.010078195878465812,0.002686968325183724
