J2,Eacc,neelOPs,AFOPs,Esim,sigmas,dimOPs
0.5818181818181819,-30.313251745497787,0.025071022727272723,3.06619318181818,-28.313674343745735,0.05623228734158196,-0.003197065346600291
