J2,Eacc,neelOPs,AFOPs,Esim,sigmas,dimOPs
0.5923076923076923,-30.400268263898187,-0.00010146103896103985,1.8510551948051939,-30.02669502426877,0.008385999720411099,-0.004647457652185464
