J2,Eacc,neelOPs,AFOPs,Esim,sigmas,dimOPs
0.5272727272727273,-30.03539568696795,0.019247159090909086,2.038352272727271,-29.99217943083866,0.013465711555675906,0.005344274597448752
