J2,Eacc,neelOPs,AFOPs,Esim,sigmas,dimOPs
0.23037974683544304,-32.416421651416464,0.0016523654916512063,4.128061224489794,-32.408920907557224,0.009218909418663967,-0.0023385564242196528
