J2,Eacc,neelOPs,AFOPs,Esim,sigmas,dimOPs
0.8,-33.84508963604632,-0.125,20.000000000000004,-4.0003192294899295,3.347448369359225e-17,-1.5280963249090833e-20
