J2,Eacc,neelOPs,AFOPs,Esim,sigmas,dimOPs
0.6461538461538462,-30.993254982961748,0.0013334879406307982,1.718344155844155,-30.096243259865556,8.764868892657623e-07,0.005083275713291092
