J2,Eacc,neelOPs,AFOPs,Esim,sigmas,dimOPs
0.5461538461538462,-30.10204584866336,-0.0011769480519480526,1.9750231910946185,-29.98695161034369,0.008982205263210164,0.014370280264664354
