J2,Eacc,neelOPs,AFOPs,Esim,sigmas,dimOPs
0.6615384615384616,-31.200625463463677,-0.0037598562152133595,1.6921034322820023,-30.119539320087267,0.0007113224412432622,-0.0034306796472311336
