J2,Eacc,neelOPs,AFOPs,Esim,sigmas,dimOPs
0.2683544303797469,-31.93846252599174,0.0061543367346938785,3.957455936920221,-31.932921062099663,0.00871472777653359,0.0007080932243331856
