J2,Eacc,neelOPs,AFOPs,Esim,sigmas,dimOPs
0.6153846153846154,-30.626418446777592,0.000840677179962892,1.7699675324675312,-30.05727972642148,0.0022419575381763747,0.009119118950951294
