J2,Eacc,neelOPs,AFOPs,Esim,sigmas,dimOPs
0.5692307692307692,-30.225766287855524,-0.005145524118738406,1.87076762523191,-30.014334264929772,0.0054376113660085535,0.013593343325619395
