J2,Eacc,neelOPs,AFOPs,Esim,sigmas,dimOPs
0.4727272727272728,-30.043566501425442,0.010795454545454549,2.8903409090909076,-29.235444968208014,0.05246862727562174,0.001315337369498361
