J2,Eacc,neelOPs,AFOPs,Esim,sigmas,dimOPs
0.30632911392405066,-31.48222148866624,-0.0004029452690166987,3.8110041743970298,-31.475171632800837,0.008209271225566203,-0.00691032247429075
