J2,Eacc,neelOPs,AFOPs,Esim,sigmas,dimOPs
0.21518987341772153,-32.61273199732652,-0.014108882189239332,4.101171150278291,-32.60586960948834,0.00874570471833391,-0.001197263471149368
