J2,Eacc,neelOPs,AFOPs,Esim,sigmas,dimOPs
0.5230769230769231,-30.02509252034524,0.0009914192949907218,1.9667671614100173,-29.99837563047493,0.004459607506825811,-0.007303633479095044
