J2,Eacc,neelOPs,AFOPs,Esim,sigmas,dimOPs
0.5846153846153846,-30.335442713094817,0.02500000000000001,0.9999999999999998,-6.423076923076922,0.1153463660379014,0.0
