J2,Eacc,neelOPs,AFOPs,Esim,sigmas,dimOPs
0.676923076923077,-31.42196857149206,0.0008435760667903533,1.6611665120593682,-30.145338675042215,0.0002333001307312677,0.012831599616013035
