J2,Eacc,neelOPs,AFOPs,Esim,sigmas,dimOPs
0.6923076923076923,-31.65614493827635,-0.0008145871985157707,1.6435644712430415,-30.17215001106059,0.0016900988681449645,0.00839622826040029
