J2,Eacc,neelOPs,AFOPs,Esim,sigmas,dimOPs
0.5307692307692308,-30.045265184662227,0.0021944573283858996,1.9632769016697575,-29.998757588959162,0.003717427477260193,0.0011220654748054842
