J2,Eacc,neelOPs,AFOPs,Esim,sigmas,dimOPs
0.4354430379746836,-30.226583260594577,-0.0029510667903525044,2.8289192949907216,-30.218111375558383,0.00930294583681016,-0.0006929127539520789
