J2,Eacc,neelOPs,AFOPs,Esim,sigmas,dimOPs
0.7923076923076924,-33.66736646382526,0.0019190630797773643,1.4934601113172534,-30.260278904515708,0.015944042992232604,0.01071609419962516
