J2,Eacc,neelOPs,AFOPs,Esim,sigmas,dimOPs
0.5,-30.000000000000018,0.0008667671614100171,2.086421614100184,-29.993667843231645,0.008975510595758985,-0.01346614897329284
