J2,Eacc,neelOPs,AFOPs,Esim,sigmas,dimOPs
0.35189873417721523,-30.972635587398365,-0.0018639842300556583,3.6092880333951745,-30.96430994970837,0.00754800058836193,-0.00491005651374427
