J2,Eacc,neelOPs,AFOPs,Esim,sigmas,dimOPs
0.2,-32.81166500873371,0.014630681818181826,3.0289772727272712,-31.502834140538525,0.10683669234915706,-0.013888777863644041
