J2,Eacc,neelOPs,AFOPs,Esim,sigmas,dimOPs
0.7384615384615385,-32.4997321473617,0.00040584415584415603,1.057119666048238,-7.367828599360167,0.24687838978301285,0.0007971938814426777
