J2,Eacc,neelOPs,AFOPs,Esim,sigmas,dimOPs
0.7230769230769232,-32.196531856143565,-0.0013508812615955466,1.61382189239332,-30.23650599678867,0.000762060780715857,0.0039992537341611584
