J2,Eacc,neelOPs,AFOPs,Esim,sigmas,dimOPs
0.6538461538461539,-31.095111024736287,-0.00261189703153989,1.6997101113172528,-30.107343622837224,0.0002792373028472319,-0.01806337473067175
