J2,Eacc,neelOPs,AFOPs,Esim,sigmas,dimOPs
0.3443037974683545,-31.05405946382779,-0.003696080705009273,3.5826414656771783,-31.04157555245305,0.010768738881155891,-0.007730430897459644
