J2,Eacc,neelOPs,AFOPs,Esim,sigmas,dimOPs
0.8,-33.84508963604629,-0.012215909090909097,2.680681818181816,-26.214820821963585,0.09745198340037345,0.012165512619913887
