J2,Eacc,neelOPs,AFOPs,Esim,sigmas,dimOPs
0.7000000000000001,-31.77776644864932,0.004029452690166974,1.637778293135435,-30.186422552605613,0.0031663091161414883,0.020622230544346233
