J2,Eacc,neelOPs,AFOPs,Esim,sigmas,dimOPs
0.5538461538461539,-30.138283789750783,-0.0008812615955473095,1.9227736549165109,-29.880356304937482,0.018481996496714347,-0.01758510934559376
