J2,Eacc,neelOPs,AFOPs,Esim,sigmas,dimOPs
0.5818181818181819,-30.313251745497787,0.007638566790352507,4.313369666048238,-9137.783716394217,2964.620538255203,93.8078986128191
