J2,Eacc,neelOPs,AFOPs,Esim,sigmas,dimOPs
0.7615384615384616,-32.98193216038214,0.0003478664192949923,1.5519016697588117,-30.331596597364467,0.0007702040098585202,0.017190296595611484
