J2,Eacc,neelOPs,AFOPs,Esim,sigmas,dimOPs
0.5384615384615384,-30.070982561387506,-0.00038265306122448967,1.9341604823747667,-29.990959328572306,0.013957410557586654,-0.015656644213212563
