J2,Eacc,neelOPs,AFOPs,Esim,sigmas,dimOPs
0.23797468354430382,-32.31930906031231,-0.0049628942486085355,3.974257884972169,-32.31316076285625,0.01002145186763979,-0.000870205160139187
