J2,Eacc,neelOPs,AFOPs,Esim,sigmas,dimOPs
0.36363636363636365,-30.8500927921139,0.005397727272727277,3.474431818181817,-30.566346809601434,0.04490644768906722,-0.012393725947175603
