J2,Eacc,neelOPs,AFOPs,Esim,sigmas,dimOPs
0.5615384615384615,-30.179558236395028,-0.0004406307977736569,1.925394248608533,-30.005503019571368,0.0028818199736603796,-0.011171233644026335
