J2,Eacc,neelOPs,AFOPs,Esim,sigmas,dimOPs
0.2,-32.81166500873371,0.007882073283858997,4.182432745825601,-32.804344487311056,0.011560455716213811,0.0013425864123295128
