J2,Eacc,neelOPs,AFOPs,Esim,sigmas,dimOPs
0.6307692307692307,-30.801287370004875,-0.00041164192949907235,1.052875695732839,-9.481090338233196,0.24711618994752146,-0.0013450834879406297
