J2,Eacc,neelOPs,AFOPs,Esim,sigmas,dimOPs
0.6363636363636365,-30.869209641722406,-0.033877840909090906,3.0218749999999988,-27.623056731368393,0.07023388633134604,0.0007966632838235094
