J2,Eacc,neelOPs,AFOPs,Esim,sigmas,dimOPs
0.576923076923077,-30.276839942927577,0.001814703153988869,1.862824675324674,-30.02169806466075,0.0004765498538734065,-0.010049328596593752
