J2,Eacc,neelOPs,AFOPs,Esim,sigmas,dimOPs
0.25316455696202533,-32.127303386556356,-0.0007855983302411882,4.050336270871982,-32.117124609094034,0.010971277575165023,0.0004900201958409904
