J2,Eacc,neelOPs,AFOPs,Esim,sigmas,dimOPs
0.7461538461538462,-32.657027780285546,-0.00029858534322820066,1.4918947124304258,-29.898287634900917,0.04051016139108924,0.007047018459035686
