J2,Eacc,neelOPs,AFOPs,Esim,sigmas,dimOPs
0.6846153846153846,-31.53751263231302,-0.0005884740259740266,1.6584995361781065,-30.15805110840505,0.0007677031356209037,0.023878875672258475
