J2,Eacc,neelOPs,AFOPs,Esim,sigmas,dimOPs
0.5153846153846154,-30.01145010778326,0.0032090677179962865,1.9832212430426701,-29.997928096692387,0.0045530418055633485,-0.004073014713225033
