J2,Eacc,neelOPs,AFOPs,Esim,sigmas,dimOPs
0.5076923076923077,-30.003273083486167,-0.0008464749536178106,2.0377087198515755,-29.996837889785024,0.00731403723225078,-0.00862856641014367
