J2,Eacc,neelOPs,AFOPs,Esim,sigmas,dimOPs
0.3139240506329114,-31.394079317159886,-0.0005420918367346937,3.7740143784786624,-31.386524438543326,0.009965189298433368,-0.0011072005335167408
