J2,Eacc,neelOPs,AFOPs,Esim,sigmas,dimOPs
0.7076923076923077,-31.90995510936127,-0.0019190630797773656,1.6323747680890528,-30.201654636657217,0.0046671421697617056,0.0001085912088700066
