J2,Eacc,neelOPs,AFOPs,Esim,sigmas,dimOPs
0.32911392405063294,-31.221397516500097,0.0019219619666048249,3.655600649350647,-31.215168524406078,0.009127399048905693,0.0021098512303945865
