J2,Eacc,neelOPs,AFOPs,Esim,sigmas,dimOPs
0.7692307692307693,-33.14912550048663,0.0005478896103896091,1.5272611317254166,-30.351761190720918,8.456469797973097e-10,-0.020941149144866885
