uid,features,layers,config/learning_rate,energy_error
0,7,5,0.02798359327208684,3.601463876828145
1,6,4,0.07870243313392347,19.895324909030556
2,7,2,0.11542311629246106,23.776241664473645
3,2,4,0.10122733209040777,8.98019260060941
4,6,5,0.056101967676179025,17.638598646736153
5,8,4,0.03332298791903891,23.36755328615704
6,2,3,0.031572296097950064,3.4208875924396764
7,8,3,0.06300023818701297,6.384031034260591
8,6,3,0.11743744406410933,27.45893132123763
9,3,3,0.06131971360707942,9.069060420847864
